age_group,count,avg_premium,avg_claim,lapse_rate,loss_ratio
18-25,48991,546.5062648168265,258.56723573513506,0.09352738258047397,0.47312767004015865
26-35,27681,670.2692927214939,459.3953157978397,0.0908204183374878,0.6853891723616895
36-45,37544,720.8823155731682,426.9425243873855,0.07892073300660558,0.5922499625308837
46-55,34042,839.6396245424921,499.54071467598845,0.06985488514188355,0.5949465700218486
56-65,31210,1047.1441976394435,762.3274244472925,0.04549823774431272,0.7280061582404718
66-75,25060,1247.0822179813697,1060.9309565323224,0.03068635275339186,0.8507305622957505
76-85,17355,1330.7241116728887,1154.4014135292423,0.05197349467012388,0.8674986824113479
85+,4853,1202.720623483852,983.3216954667216,0.133113538017721,0.8175811375200251
