decision_action,count,avg_premium,avg_claim,avg_predicted_claim,avg_lapse_prob,avg_loss_ratio
EARLY_RISK,19855,827.6960507914118,2674.9806028103753,1873.4419,0.13811804,3.231458698152838
LOW_PRIORITY,152,901.9790558924343,1584.8012789473685,1000.59705,0.5642368,1.5558267342848993
RETAIN_HIGH,56394,743.9464305914219,36.44587897116715,25.499834,0.70901567,0.04291563549353874
STANDARD,152310,895.1461603132865,518.66010755433,385.1073,0.1665225,0.5514964243827948
